City_ID,City,Lat,Lng,Max Temp,Humidity,Cloudiness,Wind Speed,Country,Date
0,chuy,-33.6971,-53.4616,17.17,79,80,3.55,UY,1680474955
1,jamestown,42.097,-79.2353,6.4,35,0,2.06,US,1680474947
2,punta arenas,-53.15,-70.9167,15.06,41,75,3.6,CL,1680474955
3,leningradskiy,69.3833,178.4167,-21.08,86,100,5.11,RU,1680474955
4,wahiawa,21.5028,-158.0236,24.86,74,100,0.0,US,1680474953
5,ulladulla,-35.35,150.4667,20.34,59,14,2.01,AU,1680474956
6,arraial do cabo,-22.9661,-42.0278,23.92,78,75,4.12,BR,1680474702
7,kaitangata,-46.2817,169.8464,14.4,71,49,2.45,NZ,1680474957
8,hermanus,-34.4187,19.2345,18.78,94,38,1.88,ZA,1680474957
9,sorong,-0.8833,131.25,26.15,85,100,10.47,ID,1680474958
10,khatanga,71.9667,102.5,-13.25,96,100,4.36,RU,1680474958
11,rikitea,-23.1203,-134.9692,27.12,80,28,7.18,PF,1680474958
12,togur,58.3631,82.8265,-4.05,87,100,3.82,RU,1680474959
13,talmenka,53.8183,83.5677,-10.13,92,96,1.44,RU,1680474959
14,acapulco,16.8634,-99.8901,30.9,58,0,4.12,MX,1680474709
15,iquique,-20.2208,-70.1431,26.02,81,21,2.22,CL,1680474793
16,butaritari,3.0707,172.7902,27.72,77,24,4.52,KI,1680474961
17,beauchamps,50.012,1.5176,5.17,82,4,5.73,FR,1680474961
18,vaini,-21.2,-175.2,28.09,69,20,6.17,TO,1680474701
19,provideniya,64.3833,-173.3,-10.94,57,75,2.0,RU,1680474962
20,bredasdorp,-34.5322,20.0403,17.62,91,2,2.91,ZA,1680474701
21,luderitz,-26.6481,15.1594,15.81,86,4,5.46,NA,1680474779
22,bluff,-46.6,168.3333,13.78,66,92,4.11,NZ,1680474895
23,hobart,-42.8794,147.3294,15.7,71,20,4.12,AU,1680474671
24,bathsheba,13.2167,-59.5167,26.34,69,40,8.75,BB,1680474688
25,avarua,-21.2078,-159.775,27.03,74,75,3.6,CK,1680474674
26,tiksi,71.6872,128.8694,-7.8,80,100,8.22,RU,1680474965
27,ippy,6.2679,21.2247,25.45,29,29,0.58,CF,1680474965
28,port blair,11.6667,92.75,25.71,76,100,2.9,IN,1680474966
29,along,28.1667,94.7667,14.28,97,100,0.57,IN,1680474966
30,limoges,45.75,1.3333,7.31,93,100,3.6,FR,1680474922
31,gidam,18.9833,81.4,22.67,71,80,0.82,IN,1680474967
32,abu kamal,34.4506,40.9171,16.31,51,39,1.84,SY,1680474968
33,mahebourg,-20.4081,57.7,26.25,89,75,3.09,MU,1680474968
34,rawson,-43.3002,-65.1023,15.64,54,7,7.3,AR,1680474968
35,san patricio,28.017,-97.5169,31.21,60,100,8.02,US,1680474640
36,jalu,29.0331,21.5482,19.85,14,0,6.23,LY,1680474969
37,ushuaia,-54.8,-68.3,11.81,54,40,3.6,AR,1680474970
38,saskylakh,71.9167,114.0833,-8.25,97,100,1.58,RU,1680474942
39,cape town,-33.9258,18.4232,21.32,86,75,4.63,ZA,1680474873
40,ayr,55.4627,-4.6339,6.95,93,0,1.54,GB,1680474971
41,faya,18.3851,42.4509,15.06,82,56,0.73,SA,1680474971
42,los llanos de aridane,28.6585,-17.9182,18.96,75,75,7.2,ES,1680474972
43,pontal do parana,-25.6533,-48.5128,18.9,84,48,0.34,BR,1680474972
44,atbasar,51.8,68.3333,-4.52,78,0,3.61,KZ,1680474973
45,cabo san lucas,22.8909,-109.9124,29.78,52,75,3.6,MX,1680474775
46,new norfolk,-42.7826,147.0587,15.51,71,60,1.39,AU,1680474701
47,tanete,-3.9443,119.7848,23.79,95,100,0.52,ID,1680474975
48,dibrugarh,27.4833,94.9,16.74,89,100,5.36,IN,1680474943
49,ponta delgada,37.7333,-25.6667,13.4,71,20,4.12,PT,1680474977
50,havre-saint-pierre,50.2334,-63.5986,1.0,80,75,7.72,CA,1680474710
51,aswan,24.0934,32.907,21.61,18,0,0.0,EG,1680474979
52,victoria,22.2855,114.1577,21.35,91,94,0.89,HK,1680474425
53,changji,44.0167,87.3167,-1.56,43,0,2.0,CN,1680474753
54,clyde river,70.4692,-68.5914,-22.87,77,0,3.09,CA,1680474980
55,husavik,66.0449,-17.3389,1.11,82,100,3.27,IS,1680474916
56,yellowknife,62.456,-114.3525,-10.71,62,75,0.0,CA,1680474982
57,parfenyevo,58.484,43.4088,4.04,94,100,2.07,RU,1680474982
58,coihaique,-45.5752,-72.0662,11.34,66,75,2.06,CL,1680474972
59,port alfred,-33.5906,26.891,20.66,94,100,3.12,ZA,1680474757
60,kavaratti,10.5669,72.642,27.76,68,9,4.45,IN,1680474842
61,kargil,34.5667,76.1,-5.3,83,98,0.39,IN,1680474984
62,busselton,-33.65,115.3333,14.76,91,1,4.09,AU,1680474984
63,bolobo,-2.1667,16.2333,23.15,87,53,1.6,CD,1680474985
64,forio,40.7342,13.8646,15.24,73,100,5.81,IT,1680474985
65,makakilo city,21.3469,-158.0858,25.86,75,20,3.09,US,1680474985
66,boyolangu,-8.1181,111.8935,23.7,89,100,0.88,ID,1680474985
67,balta,47.9355,29.6198,7.48,97,100,2.27,UA,1680474986
68,atar,20.5169,-13.0499,29.92,6,1,3.16,MR,1680474986
69,kodiak,57.79,-152.4072,2.73,48,0,5.66,US,1680474987
70,georgetown,5.4112,100.3354,25.96,87,20,1.03,MY,1680474983
71,sitka,57.0531,-135.33,5.94,70,75,2.06,US,1680474714
72,ambilobe,-13.2,49.05,22.37,96,90,1.31,MG,1680474988
73,qandala,11.472,49.8728,27.95,75,10,1.49,SO,1680474989
74,albany,42.6001,-73.9662,5.36,25,8,3.13,US,1680474705
75,cururupu,-1.8283,-44.8683,23.1,97,79,1.3,BR,1680474990
76,tasiilaq,65.6145,-37.6368,-1.91,92,99,2.89,GL,1680474908
77,barrow,71.2906,-156.7887,-13.99,78,100,5.14,US,1680474992
78,revda,56.801,59.9303,1.87,77,98,0.64,RU,1680474992
79,mehamn,71.0357,27.8492,-3.05,86,20,6.69,NO,1680474902
80,saint-philippe,-21.3585,55.7679,24.77,82,98,4.0,RE,1680474922
81,thompson,55.7435,-97.8558,-11.91,48,20,5.66,CA,1680474961
82,uyuni,-20.4597,-66.825,15.69,29,2,1.47,BO,1680474994
83,necochea,-38.5473,-58.7368,16.78,74,100,3.37,AR,1680474725
84,kununurra,-15.7667,128.7333,22.99,94,64,2.06,AU,1680474908
85,kauhajoki,62.4333,22.1833,-7.01,85,52,1.78,FI,1680474995
86,zhangye,38.9342,100.4517,3.25,39,98,1.6,CN,1680474996
87,lasa,46.6166,10.7002,8.49,94,61,2.81,IT,1680474996
88,killybegs,54.6333,-8.45,7.34,86,98,5.54,IE,1680474997
89,hobyo,5.3505,48.5268,28.34,76,52,5.68,SO,1680474933
90,atuona,-9.8,-139.0333,27.63,72,24,6.27,PF,1680474998
91,oussouye,12.485,-16.5469,25.1,77,1,3.35,SN,1680474998
92,greymouth,-42.4667,171.2,15.81,55,55,1.35,NZ,1680474815
93,padang,-0.9492,100.3543,24.03,92,100,0.88,ID,1680474739
94,saldanha,-33.0117,17.9442,18.03,92,67,4.3,ZA,1680475000
95,gornopravdinsk,60.05,69.9,-0.37,99,95,1.77,RU,1680475000
96,sao filipe,14.8961,-24.4956,24.86,60,0,3.23,CV,1680475001
97,sambava,-14.2667,50.1667,24.17,90,100,2.25,MG,1680475002
98,aviles,43.5547,-5.9248,9.96,76,40,1.03,ES,1680475002
99,tubinskiy,52.8892,58.2225,-1.28,85,0,2.65,RU,1680475002
100,carnarvon,-24.8667,113.6333,23.6,79,64,4.01,AU,1680475003
101,longyearbyen,78.2186,15.6401,-8.09,93,75,1.54,SJ,1680474829
102,djougou,9.7085,1.666,30.79,30,64,0.43,BJ,1680475005
103,puerto ayora,-0.7393,-90.3518,29.98,89,84,3.58,EC,1680475006
104,severo-kurilsk,50.6789,156.125,0.31,85,99,6.65,RU,1680475006
105,bam,29.106,58.357,16.09,19,0,2.8,IR,1680475006
106,tianpeng,30.9866,103.9393,17.26,97,100,2.26,CN,1680475007
107,mataura,-46.1927,168.8643,13.6,56,70,1.21,NZ,1680474771
108,vardo,70.3705,31.1107,-5.01,80,75,5.14,NO,1680474944
109,kalaleh,37.3807,55.4916,8.7,56,100,0.71,IR,1680475008
110,great bend,38.3645,-98.7648,27.8,12,0,3.6,US,1680474694
111,altay,47.8667,88.1167,-11.61,48,0,5.21,CN,1680474946
112,lebu,-37.6167,-73.65,12.27,82,0,6.52,CL,1680475009
113,dandong,40.1292,124.3947,13.42,31,98,0.55,CN,1680475009
114,ilulissat,69.2167,-51.1,-14.99,85,99,2.06,GL,1680475009
115,castro,-24.7911,-50.0119,16.75,92,60,2.97,BR,1680474771
116,sao jose da coroa grande,-8.8978,-35.1478,26.21,78,100,2.75,BR,1680474809
117,fuxin,42.0156,121.6589,12.39,31,90,2.25,CN,1680475010
118,pointe michel,15.25,-61.3833,26.16,75,3,8.05,DM,1680475010
119,saint george,37.1041,-113.5841,22.46,21,0,2.24,US,1680474896
120,nysa,50.4738,17.3344,4.21,94,100,5.52,PL,1680475011
121,vila velha,-20.3297,-40.2925,25.53,72,0,4.63,BR,1680474741
122,general jose eduvigis diaz,-27.1667,-58.4167,27.02,39,0,3.24,PY,1680475012
123,kiruna,67.8557,20.2251,-11.49,67,96,3.6,SE,1680475012
124,nikolskoye,59.7035,30.7861,-1.16,96,100,5.39,RU,1680474903
125,college,64.8569,-147.8028,0.04,83,100,5.14,US,1680475013
126,cidreira,-30.1811,-50.2056,20.48,65,9,3.46,BR,1680475013
127,kemijarvi,66.7131,27.4306,-17.33,99,26,0.48,FI,1680475014
128,salalah,17.0151,54.0924,28.05,83,75,3.09,OM,1680475014
129,souillac,-20.5167,57.5167,26.21,89,75,3.09,MU,1680474934
130,ambon,-3.6954,128.1814,23.08,94,20,4.63,ID,1680474716
131,lavrentiya,65.5833,-171.0,-14.36,72,25,0.43,RU,1680474731
132,maceio,-9.6658,-35.7353,25.69,88,40,3.09,BR,1680475016
133,saint anthony,45.0205,-93.218,7.96,57,0,7.2,US,1680475016
134,namie,37.4833,141.0,9.84,74,100,4.31,JP,1680475017
135,hilo,19.7297,-155.09,25.71,89,75,3.6,US,1680474954
136,fortuna,40.5982,-124.1573,10.19,87,100,2.45,US,1680475017
137,constitucion,-35.3333,-72.4167,14.93,71,9,6.44,CL,1680475018
138,pisco,-13.7,-76.2167,26.03,78,0,8.75,PE,1680474915
139,komsomolskiy,40.4272,71.7189,13.4,71,97,3.09,UZ,1680475019
140,albina,5.5,-54.05,23.36,88,99,1.37,SR,1680475019
141,taltal,-25.4,-70.4833,22.15,81,25,2.13,CL,1680474866
142,mogadishu,2.0371,45.3438,27.72,78,96,2.13,SO,1680474995
143,chojnice,53.6955,17.557,-0.53,76,3,5.2,PL,1680475020
144,ulaangom,49.9811,92.0667,-14.37,49,33,0.49,MN,1680475021
145,ostrovnoy,68.0531,39.5131,-8.48,86,100,2.31,RU,1680475021
146,oudtshoorn,-33.5907,22.2014,17.2,72,32,0.96,ZA,1680475021
147,ormara,25.2088,64.6357,24.21,87,38,5.41,PK,1680475022
148,belmonte,-15.8631,-38.8828,26.1,78,21,3.28,BR,1680475023
149,marzuq,14.4,46.4667,23.57,66,89,0.94,YE,1680475024
150,tahe,52.3333,124.7333,1.07,90,100,1.69,CN,1680475025
151,hamilton,39.1834,-84.5333,13.76,54,0,3.6,US,1680474751
152,kapaa,22.0752,-159.319,27.33,76,20,3.6,US,1680475025
153,tuktoyaktuk,69.4541,-133.0374,-17.0,71,20,5.14,CA,1680475026
154,nanortalik,60.1432,-45.2371,-1.05,92,100,2.88,GL,1680474897
155,sheridan,44.8333,-106.9173,4.27,42,100,6.69,US,1680475028
156,rio branco do sul,-25.19,-49.3142,17.34,98,47,1.99,BR,1680474933
157,tete,-16.1564,33.5867,20.55,95,73,1.52,MZ,1680475029
158,iqaluit,63.7506,-68.5145,-11.15,57,75,4.63,CA,1680475030
159,sept-iles,50.2001,-66.3821,-4.0,57,40,10.29,CA,1680474879
160,gillette,44.2911,-105.5022,6.51,33,0,7.72,US,1680475030
161,bambous virieux,-20.3428,57.7575,26.23,89,75,3.09,MU,1680474808
162,gobabis,-22.45,18.9667,18.77,57,18,4.05,NA,1680475031
163,nicoya,10.1483,-85.452,30.57,49,29,7.55,CR,1680475032
164,qaqortoq,60.7167,-46.0333,-2.11,87,100,3.09,GL,1680475032
165,rio grande,-32.035,-52.0986,18.06,68,56,4.23,BR,1680475032
166,quatre cocos,-20.2078,57.7625,26.16,85,88,3.36,MU,1680475033
167,grindavik,63.8424,-22.4338,4.26,87,100,6.69,IS,1680475033
168,anloga,5.7947,0.8973,27.91,83,44,5.49,GH,1680475034
169,portland,45.5234,-122.6762,8.09,87,100,3.6,US,1680474923
170,coahuayana,18.7333,-103.6833,28.53,50,97,2.78,MX,1680474943
171,mar del plata,-38.0023,-57.5575,21.01,72,0,2.57,AR,1680474900
172,sioux lookout,50.1001,-91.917,2.04,64,100,1.54,CA,1680475035
173,coquimbo,-29.9533,-71.3436,16.85,88,20,4.63,CL,1680474898
174,port hedland,-20.3167,118.5667,29.06,67,59,4.25,AU,1680475036
175,narasannapeta,18.4167,84.05,25.79,87,93,3.27,IN,1680474849
176,hithadhoo,-0.6,73.0833,27.7,71,13,2.79,MV,1680475037
177,norman wells,65.282,-126.8329,-7.98,57,75,2.06,CA,1680474750
178,lata,40.1629,-8.3327,11.62,76,99,1.02,PT,1680475038
179,haines junction,60.7522,-137.5108,-2.03,40,100,1.03,CA,1680475039
180,gore,-46.1028,168.9436,12.65,63,57,1.14,NZ,1680475040
181,taicheng,38.731,113.228,7.59,89,100,1.98,CN,1680474847
182,nome,64.5011,-165.4064,-12.72,78,0,4.63,US,1680474526
183,dikson,73.5069,80.5464,-26.5,95,100,5.75,RU,1680474897
184,arenapolis,-14.4503,-56.8461,23.42,90,11,1.37,BR,1680475041
185,bonfim,3.0833,-59.95,29.3,50,94,3.65,BR,1680475042
186,ust-nera,64.5667,143.2,-15.39,91,82,3.34,RU,1680474952
187,san rafael,-34.6177,-68.3301,21.99,51,1,4.66,AR,1680474665
188,manta,-0.95,-80.7333,28.88,79,75,3.6,EC,1680475044
189,lompoc,34.6391,-120.4579,20.01,73,75,10.73,US,1680474944
190,lianzhou,24.7811,112.3825,20.91,98,100,2.12,CN,1680475045
191,codrington,-38.2667,141.9667,13.59,72,0,3.0,AU,1680475046
192,wangqing,43.3218,129.7634,8.76,64,73,0.95,CN,1680475047
193,port elizabeth,-33.918,25.5701,21.29,71,0,6.69,ZA,1680475047
194,havelock,34.8791,-76.9013,17.99,55,0,4.12,US,1680475048
195,kulhudhuffushi,6.6221,73.07,28.03,65,98,3.04,MV,1680475049
196,algiers,36.7525,3.042,8.9,76,20,2.06,DZ,1680474990
197,bani walid,31.7566,13.9942,13.47,64,26,11.16,LY,1680475050
198,cherskiy,68.75,161.3,-27.75,93,30,2.15,RU,1680475050
199,ossora,59.2353,163.0719,-2.15,89,100,1.34,RU,1680475051
200,namatanai,-3.6667,152.4333,28.53,70,60,4.1,PG,1680474939
201,ribeira grande,38.5167,-28.7,13.76,66,72,0.45,PT,1680474913
202,aitape,-3.1374,142.3475,25.53,84,100,2.32,PG,1680475053
203,londrina,-23.3103,-51.1628,26.81,65,40,4.12,BR,1680474942
204,jasper,37.2001,-94.3502,26.03,31,0,10.29,US,1680474755
205,port hardy,50.6996,-127.4199,7.1,61,75,5.14,CA,1680474932
206,selikhino,50.3672,137.4996,3.84,80,10,1.36,RU,1680475056
207,seoul,37.5683,126.9778,9.69,67,0,1.54,KR,1680474803
208,esperance,-33.8667,121.9,18.24,75,69,3.1,AU,1680475057
209,tigil,57.8,158.6667,-1.81,91,100,4.13,RU,1680475057
210,bengkulu,-3.8004,102.2655,23.08,91,99,2.06,ID,1680475057
211,auki,-8.7676,160.7034,29.28,68,66,1.32,SB,1680475058
212,geraldton,-28.7667,114.6,18.23,88,75,2.57,AU,1680475058
213,zaraza,9.3503,-65.3245,27.18,60,97,5.06,VE,1680475059
214,upernavik,72.7868,-56.1549,-29.28,98,45,0.87,GL,1680475059
215,turukhansk,65.8167,87.9833,-1.03,97,100,5.6,RU,1680475060
216,kenai,60.5544,-151.2583,3.05,55,0,5.66,US,1680475061
217,arona,28.0996,-16.681,18.84,76,20,6.17,ES,1680475061
218,shingu,33.7333,135.9833,13.4,85,100,5.49,JP,1680475062
219,tumut,-35.3,148.2167,18.17,62,0,1.86,AU,1680475062
220,ovre ardal,61.3167,7.8,-3.51,91,28,2.34,NO,1680475063
221,airai,-8.9266,125.4092,16.87,87,60,0.78,TL,1680475064
222,oktyabrskoye,43.0645,44.7417,1.08,93,61,2.0,RU,1680475065
223,anadyr,64.75,177.4833,-14.72,78,75,3.0,RU,1680474958
224,chapais,49.7834,-74.8492,-8.12,93,100,0.2,CA,1680475065
225,santa maria,-29.6842,-53.8069,19.61,68,0,2.06,BR,1680475066
226,agnibilekrou,7.1344,-3.2047,23.06,89,98,2.12,CI,1680475066
227,thunder bay,48.4001,-89.3168,-0.05,93,100,1.54,CA,1680475067
228,mwingi,-0.9344,38.0601,19.22,92,27,2.12,KE,1680475067
229,methoni,36.8197,21.7049,14.56,76,94,4.28,GR,1680475068
230,ponta do sol,32.6667,-17.1,19.28,82,0,1.44,PT,1680475068
231,rodeo,38.033,-122.2669,16.78,61,75,8.05,US,1680475068
232,huarmey,-10.0681,-78.1522,25.86,79,62,3.45,PE,1680474895
233,niort,46.3333,-0.3333,8.43,85,75,3.9,FR,1680475069
234,huatabampo,26.8333,-109.6333,27.48,21,100,7.48,MX,1680475069
235,alpena,45.0617,-83.4327,6.18,52,100,5.66,US,1680475070
236,srednekolymsk,67.45,153.6833,-20.06,86,26,1.98,RU,1680475071
237,bonnyville,54.2668,-110.735,-0.11,81,100,2.06,CA,1680475071
238,gusau,12.1628,6.6614,26.82,12,52,3.72,NG,1680475071
239,pozo colorado,-23.4923,-58.7972,27.24,58,1,2.63,PY,1680475071
240,gainesville,29.6516,-82.3248,28.75,32,70,3.13,US,1680474808
241,te anau,-45.4167,167.7167,11.77,61,32,0.94,NZ,1680475072
242,matara,5.9485,80.5353,24.07,90,8,1.4,LK,1680475072
243,luis correia,-2.8792,-41.6669,24.94,86,100,2.73,BR,1680475073
244,kavieng,-2.5744,150.7967,28.8,74,99,5.44,PG,1680475073
245,bandarbeyla,9.4942,50.8122,27.16,76,40,2.12,SO,1680475074
246,hofn,64.2539,-15.2082,3.17,96,100,1.93,IS,1680475074
247,esna,25.2934,32.554,18.01,15,0,2.68,EG,1680475075
248,takoradi,4.8845,-1.7554,26.66,87,33,1.87,GH,1680475075
249,pilar,-9.5972,-35.9567,24.96,88,96,1.58,BR,1680474982
250,manavgat,36.7867,31.4431,14.44,82,100,1.72,TR,1680475076
251,rosarito,32.3333,-117.0333,18.7,73,14,3.37,MX,1680475076
252,puerto madero,14.7208,-92.4215,32.11,62,40,6.17,MX,1680475077
253,sharan,54.8167,54.0,3.06,75,38,3.81,RU,1680475077
254,kindu,-2.95,25.95,21.39,92,90,0.78,CD,1680475078
255,tanout,14.9709,8.8879,24.0,7,39,4.12,NE,1680475078
256,aykhal,66.0,111.5,-8.38,89,100,12.45,RU,1680475078
257,qaanaaq,77.484,-69.3632,-25.68,64,4,0.72,GL,1680475079
258,kruisfontein,-34.0033,24.7314,18.82,71,100,3.93,ZA,1680475079
259,nerokouros,35.4833,24.0333,17.69,72,20,10.29,GR,1680475080
260,krasnoselkup,65.7,82.4667,-4.23,96,100,4.46,RU,1680475080
261,san cristobal,7.7669,-72.225,26.1,78,97,1.51,VE,1680475080
262,roquebrune-cap-martin,43.7641,7.4821,16.41,52,11,4.19,FR,1680475080
263,beeville,28.4008,-97.7483,34.05,51,75,7.2,US,1680475081
264,noumea,-22.2763,166.4572,28.99,99,26,2.93,NC,1680475069
265,east london,-33.0153,27.9116,21.58,77,100,3.76,ZA,1680475081
266,buala,-8.145,159.5921,28.94,72,100,3.23,SB,1680475082
267,natitingou,10.3042,1.3796,30.67,19,81,1.52,BJ,1680475082
268,chibuto,-24.6867,33.5306,19.25,90,0,2.18,MZ,1680475083
269,hovd,48.0056,91.6419,-13.82,45,66,2.23,MN,1680474942
270,pangnirtung,66.1451,-65.7125,-16.16,80,100,2.75,CA,1680475084
271,talnakh,69.4865,88.3972,-9.14,96,100,3.95,RU,1680475085
272,maragogi,-9.0122,-35.2225,26.01,78,100,2.65,BR,1680475085
273,dwarka,22.2394,68.9678,24.24,77,2,5.52,IN,1680475086
274,loukhi,66.0764,33.0381,-16.84,99,40,1.32,RU,1680475086
275,north platte,41.1239,-100.7654,19.94,25,0,5.14,US,1680475086
276,buraydah,26.326,43.975,16.25,21,0,3.26,SA,1680474883
277,karratha,-20.7377,116.8463,27.7,75,53,2.81,AU,1680475087
278,sao joao da barra,-21.6403,-41.0511,25.05,75,58,5.12,BR,1680475088
279,narsaq,60.9167,-46.05,4.12,81,100,3.81,GL,1680475088
280,whitehorse,60.7161,-135.0538,0.05,46,100,1.03,CA,1680475089
281,minna,9.6139,6.5569,30.84,29,51,3.6,NG,1680475090
282,yumen,40.2833,97.2,0.69,58,48,2.79,CN,1680475092
283,ryotsu,38.0833,138.4333,10.73,74,3,3.56,JP,1680475092
284,barao de melgaco,-16.1944,-55.9675,24.23,83,53,1.21,BR,1680475092
285,kargasok,59.0556,80.8572,-2.46,87,97,5.44,RU,1680475093
286,cassilandia,-19.1133,-51.7342,23.17,77,19,1.06,BR,1680475093
287,antofagasta,-23.65,-70.4,22.6,87,55,2.67,CL,1680474623
288,bourail,-21.5667,165.4833,28.75,67,17,0.27,NC,1680475094
289,inuvik,68.3499,-133.7218,-5.52,45,75,3.6,CA,1680474945
290,caravelas,-17.7125,-39.2481,26.14,75,47,4.82,BR,1680474806
291,tuatapere,-46.1333,167.6833,13.81,55,93,1.87,NZ,1680475095
292,gladstone,-23.85,151.25,22.66,83,75,3.09,AU,1680475095
293,saint-francois,46.4154,3.9054,6.69,93,100,5.14,FR,1680475096
294,petropavlovsk-kamchatskiy,53.0452,158.6483,1.33,64,0,3.0,RU,1680475096
295,vrangel,42.7297,133.0839,5.54,64,4,2.96,RU,1680475097
296,san quintin,30.4833,-115.95,16.03,68,0,8.34,MX,1680474907
297,inirida,3.8653,-67.9239,24.5,94,63,1.54,CO,1680475097
298,aden,12.7794,45.0367,27.92,81,43,2.74,YE,1680475098
299,chokurdakh,70.6333,147.9167,-21.67,91,72,5.6,RU,1680475098
300,half moon bay,37.4636,-122.4286,15.57,67,100,9.77,US,1680475099
301,muros,42.7762,-9.0603,10.47,83,83,3.57,ES,1680475099
302,porto novo,6.4965,2.6036,27.49,81,55,3.17,BJ,1680475100
303,kawalu,-7.3817,108.2082,21.82,96,100,0.42,ID,1680475100
304,zhigansk,66.7697,123.3711,-7.24,94,100,10.2,RU,1680475101
305,jeremie,18.65,-74.1167,25.96,76,32,2.06,HT,1680475102
306,aksu,41.1231,80.2644,7.86,16,0,0.54,CN,1680475102
307,savinka,50.0785,47.0994,8.42,48,2,2.84,RU,1680475103
308,kakching,24.4833,93.9833,13.2,94,1,1.02,IN,1680475104
309,niquelandia,-14.4739,-48.4597,21.02,95,100,0.59,BR,1680475104
310,ancud,-41.8697,-73.8203,11.1,73,6,1.76,CL,1680475105
311,miri,4.4148,114.0089,24.08,88,40,1.54,MY,1680475105
312,udachnyy,66.4167,112.4,-6.31,81,100,10.69,RU,1680475106
313,chifeng,42.2683,118.9636,10.54,62,100,4.12,CN,1680475031
314,miraflores,19.2167,-98.8083,29.42,33,51,0.73,MX,1680474886
315,vredendal,-31.6683,18.5012,18.1,87,96,4.01,ZA,1680475107
316,vanimo,-2.6741,141.3028,25.95,86,100,1.91,PG,1680475108
317,russell,32.3502,-85.1999,22.78,55,97,1.83,US,1680475108
318,fujinomiya,35.2167,138.6167,15.88,66,29,2.23,JP,1680475109
319,avila,40.5833,-5.0,5.92,52,49,0.9,ES,1680475109
320,mastic beach,40.7668,-72.8521,10.65,25,0,6.17,US,1680475110
321,beringovskiy,63.05,179.3167,-6.52,88,99,3.15,RU,1680474953
322,rognan,67.0953,15.3878,-0.62,79,100,3.61,NO,1680475111
323,bosaso,11.2842,49.1816,27.5,78,11,2.94,SO,1680474948
324,avera,33.194,-82.5271,24.03,49,82,1.9,US,1680475112
325,lanigan,51.8501,-105.0344,-8.06,90,100,6.26,CA,1680475112
326,alice springs,-23.7,133.8833,21.23,58,70,3.6,AU,1680474898
327,kabanjahe,3.1001,98.4908,17.35,97,100,0.51,ID,1680475113
328,adrar,20.5022,-10.0711,25.13,5,0,2.87,MR,1680475114
329,mackenzie,55.2999,-123.1698,5.12,36,40,2.06,CA,1680474913
330,bethel,41.3712,-73.414,9.31,27,0,6.17,US,1680474826
331,bull savanna,17.8868,-77.5902,25.25,74,25,4.78,JM,1680475115
332,turbat,26.0023,63.044,23.49,69,1,2.63,PK,1680475115
333,lazaro cardenas,17.9583,-102.2,28.7,48,89,4.69,MX,1680474841
334,svetlaya,46.5389,138.3297,5.28,68,17,1.48,RU,1680475116
335,sinnamary,5.3833,-52.95,24.85,84,88,4.95,GF,1680474889
336,brandon,27.9378,-82.2859,29.78,64,0,3.09,US,1680474793
337,campbellford,44.3084,-77.7995,1.68,57,45,3.85,CA,1680475117
338,amapa,1.0,-52.0,22.11,96,80,0.74,BR,1680475049
339,maramag,7.8167,124.95,21.3,92,84,1.06,PH,1680475118
340,filingue,14.3521,3.3168,27.96,9,97,4.34,NE,1680475118
341,alofi,-19.0595,-169.9187,28.94,70,56,8.23,NU,1680474951
342,vestmannaeyjar,63.4427,-20.2734,5.86,91,100,10.05,IS,1680474931
343,lhokseumawe,5.1801,97.1507,25.66,81,99,2.8,ID,1680475120
344,salta,-24.7859,-65.4117,21.43,86,75,2.06,AR,1680474819
345,edson,53.5835,-116.4356,5.06,28,20,4.63,CA,1680475120
346,okha,53.5739,142.9478,-1.49,76,99,2.64,RU,1680475121
347,chulym,55.0997,80.9572,-9.1,86,83,3.51,RU,1680475121
348,catamarca,-28.4696,-65.7852,25.32,79,14,3.39,AR,1680475121
349,pacific grove,36.6177,-121.9166,16.97,67,75,5.66,US,1680475122
350,vilcun,-38.65,-72.2333,16.41,66,0,2.53,CL,1680475122
351,tubuala,9.5167,-79.0333,26.0,86,86,7.11,PA,1680475123
352,paamiut,61.994,-49.6678,-1.96,64,2,4.61,GL,1680475123
353,blenheim,-41.516,173.9528,13.62,87,90,0.89,NZ,1680475124
354,torbay,47.6666,-52.7314,4.43,93,100,6.17,CA,1680474951
355,astoria,46.1879,-123.8313,6.98,76,20,5.14,US,1680474861
356,williston,48.147,-103.618,2.8,79,93,4.47,US,1680475124
357,bilibino,68.0546,166.4372,-22.52,93,98,1.27,RU,1680475124
358,ketchikan,55.3422,-131.6461,7.26,61,40,5.66,US,1680474957
359,bondo,3.8146,23.6866,23.31,64,81,0.86,CD,1680475125
360,sur,22.5667,59.5289,26.12,65,3,0.63,OM,1680475126
361,horta,38.5333,-28.6333,13.34,66,72,0.45,PT,1680475126
362,berlevag,70.8578,29.0864,-3.03,74,82,7.2,NO,1680475127
363,artyom,40.4723,50.333,8.08,77,100,4.74,AZ,1680475127
364,tokonou,9.65,-9.7833,28.73,36,88,2.35,GN,1680475127
365,panzhihua,26.5851,101.7128,12.16,66,3,1.49,CN,1680475128
366,arbagar,51.9438,116.2805,-9.73,85,34,4.65,RU,1680475128
367,salisbury,51.0693,-1.7957,6.68,77,6,4.12,GB,1680474292
368,lokosovo,61.1333,74.8167,1.72,94,93,4.46,RU,1680475129
369,mount gambier,-37.8333,140.7667,13.15,70,2,1.71,AU,1680474966
370,kyren,51.6828,102.1408,-15.14,75,34,1.02,RU,1680475129
371,balkhash,46.844,74.9804,-0.94,36,0,9.47,KZ,1680475130
372,hirara,24.8,125.2833,18.92,77,75,1.54,JP,1680475131
373,katsuura,35.1333,140.3,11.01,72,100,8.81,JP,1680475131
374,madinat sittah uktubar,29.8167,31.05,18.78,36,0,4.25,EG,1680475131
375,khani,41.9563,42.9566,5.76,78,88,0.93,GE,1680475131
376,skjervoy,70.0311,20.9714,-2.0,56,100,5.38,NO,1680475131
377,zyryanka,65.75,150.85,-18.53,88,66,4.83,RU,1680475132
378,dunedin,-45.8742,170.5036,14.89,60,4,1.34,NZ,1680474639
379,goma,-1.6792,29.2228,16.42,89,47,1.14,CD,1680475132
380,sioux falls,43.55,-96.7003,10.92,53,40,6.17,US,1680475024
381,port augusta,-32.5,137.7667,18.58,31,84,1.93,AU,1680474858
382,elat,29.5581,34.9482,18.91,30,0,2.57,IL,1680475096
383,sanmenxia,34.7747,111.1814,11.79,91,100,1.42,CN,1680475134
384,nemuro,43.3236,145.575,1.33,69,0,5.72,JP,1680475134
385,dzilam gonzalez,21.2833,-88.9333,29.1,58,5,5.76,MX,1680475134
386,florianopolis,-27.6146,-48.5012,21.57,61,75,3.6,BR,1680475135
387,champerico,14.3,-91.9167,35.3,64,94,4.82,GT,1680475135
388,noyabrsk,63.1994,75.4507,0.31,97,100,6.72,RU,1680475136
389,havoysund,70.9963,24.6622,-0.87,78,99,5.06,NO,1680475136
390,abrau-dyurso,44.69,37.59,9.71,93,42,4.05,RU,1680475136
391,vangaindrano,-23.35,47.6,21.6,93,44,1.47,MG,1680475137
392,gomel,52.4345,30.9754,9.32,79,100,3.0,BY,1680475137
393,rongcheng,30.634,117.8517,17.33,82,100,1.77,CN,1680475137
394,birjand,32.8663,59.2211,5.26,33,0,2.06,IR,1680475137
395,mackay,-21.15,149.2,24.82,84,83,5.43,AU,1680474915
396,olafsvik,64.8945,-23.7142,3.89,91,100,5.24,IS,1680475138
397,lorengau,-2.0226,147.2712,28.05,77,99,2.82,PG,1680474942
398,kathmandu,27.7167,85.3167,11.58,90,75,1.03,NP,1680475086
399,usinsk,65.9939,57.5281,-10.9,93,56,3.97,RU,1680475139
400,bilma,18.6853,12.9164,23.72,7,87,3.15,NE,1680475140
401,podgornoye,51.735,39.1496,2.12,80,0,1.0,RU,1680475099
402,grootfontein,-19.5667,18.1167,16.76,94,42,0.0,NA,1680475141
403,saint-georges,12.0564,-61.7485,26.82,78,20,9.26,GD,1680475141
404,yumbel,-37.0833,-72.5667,21.13,49,30,1.31,CL,1680475141
405,sao felix do xingu,-6.6447,-51.995,22.32,98,99,0.99,BR,1680475142
406,tanga,-5.0667,39.1,25.85,85,100,3.59,TZ,1680475142
407,aras,42.5617,-2.356,6.23,57,40,4.63,ES,1680475143
408,chitungwiza,-18.0127,31.0756,13.67,92,30,1.11,ZW,1680475143
409,tiarei,-17.5333,-149.3333,32.01,74,98,3.9,PF,1680475144
410,batemans bay,-35.7167,150.1833,16.72,60,13,0.88,AU,1680475145
411,baffa,34.4378,73.2194,12.94,86,100,0.68,PK,1680475145
412,ruteng,-8.6136,120.4721,17.77,90,93,0.63,ID,1680475146
413,nishihara,26.1842,127.7558,19.6,79,20,4.63,JP,1680475146
414,hasaki,35.7333,140.8333,12.9,60,100,9.28,JP,1680475146
415,lagoa,39.05,-27.9833,13.67,59,69,9.44,PT,1680475147
416,ewa beach,21.3156,-158.0072,26.65,75,20,3.09,US,1680474977
417,palafrugell,41.9174,3.1631,13.12,36,6,4.47,ES,1680475148
418,vila,42.0304,-8.1588,6.49,59,80,1.66,PT,1680475148
419,tura,25.5198,90.2201,18.03,82,61,2.18,IN,1680475148
420,opuwo,-18.0607,13.84,20.57,35,9,1.85,NA,1680475149
421,pevek,69.7008,170.3133,-26.71,99,100,1.21,RU,1680475149
422,nara,34.6851,135.8049,13.05,30,87,2.13,JP,1680474945
423,popondetta,-8.7537,148.2534,25.05,85,99,0.74,PG,1680475150
424,xixiang,35.1628,112.865,13.2,94,100,5.27,CN,1680475151
425,bakel,14.905,-12.4568,30.6,9,0,0.96,SN,1680475151
426,montelimar,44.5584,4.7509,10.81,78,100,7.2,FR,1680475151
427,kango,0.1943,10.0951,23.67,97,48,0.65,GA,1680475152
428,port-cartier,50.0334,-66.8654,-4.18,69,7,11.57,CA,1680475152
429,asau,46.4333,26.4,8.49,92,100,1.18,RO,1680475153
430,wuda,39.4994,106.7117,2.71,37,100,2.45,CN,1680475154
431,wajima,37.4,136.9,10.42,75,0,6.21,JP,1680475094
432,damaturu,11.747,11.9608,26.64,11,83,3.72,NG,1680475155
433,guerrero negro,27.9769,-114.0611,17.53,61,1,9.33,MX,1680475155
434,port lincoln,-34.7333,135.8667,18.35,57,61,3.09,AU,1680475156
435,hualmay,-11.0964,-77.6139,25.2,79,61,3.48,PE,1680475156
436,naze,28.3667,129.4833,18.51,73,4,10.09,JP,1680475157
437,mpika,-11.8343,31.4529,16.68,99,99,2.7,ZM,1680475157
438,magistralnyy,56.1725,107.4458,-14.51,95,97,1.32,RU,1680475158
439,saint-joseph,-21.3667,55.6167,24.21,81,99,3.3,RE,1680474880
440,haimen,23.1935,116.6142,17.94,80,30,7.9,CN,1680475158
441,riverton,40.5219,-111.9391,11.14,65,40,5.81,US,1680475099
442,shakawe,-18.3667,21.85,20.3,67,42,2.18,BW,1680475159
443,manyana,-23.4,21.7167,20.73,61,78,2.97,BW,1680475160
444,fairbanks,64.8378,-147.7164,0.05,82,75,5.14,US,1680474921
445,madimba,-10.4,40.3333,25.62,94,20,5.14,TZ,1680475160
446,pyay,18.8167,95.2167,25.93,66,90,2.11,MM,1680475161
447,aleppo,36.25,37.5,10.67,89,20,3.57,SY,1680475161
448,taoudenni,22.6783,-3.9836,28.9,6,0,4.37,ML,1680475162
449,moindou,-21.6924,165.677,28.14,70,17,1.09,NC,1680475162
450,tezu,27.9167,96.1667,15.73,93,100,2.05,IN,1680475163
451,bereda,43.2686,-7.5406,3.97,100,48,1.23,ES,1680475163
452,bangassou,4.7413,22.8184,25.34,54,54,0.56,CF,1680475164
453,kalmunai,7.4167,81.8167,24.73,87,7,2.78,LK,1680475164
454,tongliao,43.6125,122.2653,12.15,51,100,5.25,CN,1680475165
455,richards bay,-28.783,32.0377,22.65,82,58,6.76,ZA,1680475165
456,kamenka,51.3223,42.7678,7.92,82,100,2.4,RU,1680474927
457,broome,42.2506,-75.833,3.98,36,0,2.57,US,1680475166
458,bartica,6.4,-58.6167,27.18,80,78,2.36,GY,1680475166
459,catuday,16.2923,119.8062,25.15,78,60,1.14,PH,1680475167
460,tommot,58.9564,126.2925,-15.74,97,99,1.56,RU,1680475167
461,barcelos,41.5388,-8.6151,13.84,68,100,1.87,PT,1680475168
462,darnah,32.767,22.6367,21.09,24,1,12.65,LY,1680475168
463,maniitsoq,65.4167,-52.9,-5.99,72,10,3.81,GL,1680475168
464,nizhniy baskunchak,48.2198,46.8311,9.41,48,15,2.18,RU,1680475169
465,korla,41.7597,86.1469,1.56,25,0,9.76,CN,1680475169
466,oriximina,-1.7656,-55.8661,22.57,96,100,1.13,BR,1680475170
467,kannur,11.8675,75.3576,23.27,82,13,2.66,IN,1680475171
468,bubaque,11.2833,-15.8333,25.62,78,2,7.0,GW,1680475171
469,saint-louis,16.3333,-15.0,31.8,13,93,6.87,SN,1680475106
470,brae,60.3964,-1.353,6.72,86,70,3.19,GB,1680475172
471,mount pleasant,32.7941,-79.8626,21.84,62,0,2.57,US,1680474964
472,dali,25.7,100.1833,7.95,89,30,2.07,CN,1680475173
473,sisimiut,66.9395,-53.6735,-12.95,77,98,3.41,GL,1680475173
474,severodvinsk,64.5635,39.8302,-5.94,95,17,2.95,RU,1680475173
475,klyuchi,52.2667,79.1667,-3.4,46,88,1.9,RU,1680475174
476,zemetchino,53.4973,42.6163,5.56,80,29,2.1,RU,1680475174
477,keflavik,64.0049,-22.5624,4.24,87,100,6.69,IS,1680475175
478,yar-sale,66.8333,70.8333,-11.35,86,34,4.95,RU,1680475175
479,leh,34.1667,77.5833,-7.62,81,84,0.4,IN,1680475117
480,westport,41.1415,-73.3579,10.61,23,0,5.14,US,1680475176
481,vuktyl,63.8567,57.3094,-5.31,96,97,1.36,RU,1680475177
482,poronaysk,49.2167,143.1167,0.29,83,17,0.15,RU,1680475177
483,manado,1.487,124.8455,24.43,100,40,0.51,ID,1680475178
484,mooresville,35.5849,-80.8101,20.08,24,1,2.04,US,1680475178
485,tessalit,20.1986,1.0114,25.86,7,14,3.43,ML,1680475179
486,meulaboh,4.1363,96.1285,24.37,85,100,2.04,ID,1680475180
487,three hills,51.7001,-113.2686,0.93,81,100,2.68,CA,1680475180
488,zhuhai,22.2769,113.5678,21.88,88,40,6.69,CN,1680475181
489,kiomboi,-4.2667,34.3667,16.6,85,82,1.39,TZ,1680475181
490,hammerfest,70.6634,23.6821,-0.75,69,20,3.6,NO,1680475181
491,charcas,23.1333,-101.1167,28.4,14,93,4.75,MX,1680475182
492,okhotsk,59.3833,143.3,-11.27,73,23,8.25,RU,1680475182
493,donskoye,45.4552,41.9741,5.07,64,38,2.99,RU,1680475182
494,carutapera,-1.195,-46.02,24.22,93,100,2.42,BR,1680475183
495,chistogorskiy,53.9835,87.3843,-5.4,85,100,0.72,RU,1680475183
496,san luis,-33.295,-66.3356,19.65,64,91,1.38,AR,1680475183
497,yuzhnyy,53.2542,83.6936,-6.79,53,0,2.0,RU,1680475184
498,tibiri,13.5627,7.0485,25.51,9,65,4.26,NE,1680475185
499,kambam,5.2505,96.8629,25.41,81,99,2.08,ID,1680475185
500,itarema,-2.9248,-39.9167,24.36,88,100,1.71,BR,1680474897
501,livezile,47.1833,24.5667,6.67,90,100,1.48,RO,1680475186
502,vila franca do campo,37.7167,-25.4333,13.23,60,29,6.69,PT,1680474933
503,chernelytsya,48.8121,25.4248,4.98,88,100,6.24,UA,1680475187
504,ponnani,10.767,75.9252,25.62,77,76,2.74,IN,1680475187
505,rio gallegos,-51.6226,-69.2181,13.03,54,0,2.57,AR,1680474999
506,isangel,-19.55,169.2667,29.61,69,2,2.28,VU,1680475188
507,mayuge,0.4597,33.4803,18.66,88,100,0.65,UG,1680475188
508,zabol,32.25,67.25,9.86,72,62,4.22,AF,1680475189
509,niquero,20.0431,-77.5828,27.03,68,31,3.89,CU,1680475189
510,maloy,61.9353,5.1136,5.85,75,95,6.36,NO,1680475189
511,nabire,-3.3667,135.4833,23.77,91,100,1.88,ID,1680475190
512,mayo,38.8876,-76.5119,13.97,33,0,3.6,US,1680475190
513,bagdarin,54.4333,113.6,-10.76,57,100,4.41,RU,1680475190
514,hay river,60.8156,-115.7999,-9.02,79,100,2.57,CA,1680475191
515,aars,56.804,9.5144,0.77,79,0,3.01,DK,1680475191
516,northam,51.0333,-4.2167,7.92,85,100,2.63,GB,1680475191
517,vao,-22.6667,167.4833,25.55,81,47,2.77,NC,1680475192
518,asyut,27.181,31.1837,19.1,25,0,2.2,EG,1680475192
519,terrace,54.5163,-128.6035,7.95,42,75,2.06,CA,1680475192
520,soyo,-6.1349,12.3689,27.24,84,20,4.36,AO,1680475193
521,hobbs,32.7026,-103.136,28.23,5,0,6.26,US,1680474996
522,dawlatabad,36.4141,64.9053,13.41,76,100,2.97,AF,1680475193
523,rock sound,24.9,-76.2,25.39,71,5,1.61,BS,1680475194
524,potiskum,11.7091,11.0694,25.3,12,14,3.89,NG,1680475194
525,tilichiki,60.4667,166.1,-2.85,95,100,0.49,RU,1680475194
526,kiunga,-6.1219,141.2906,23.19,100,100,0.95,PG,1680475194
527,gorontalo,0.5412,123.0595,24.49,95,62,0.77,ID,1680474957
528,shamkhal,43.0596,47.3373,11.99,59,97,5.02,RU,1680475195
529,dingle,10.9995,122.6711,24.91,81,94,2.62,PH,1680475195
530,bowen,-20.0167,148.2333,25.7,81,88,3.91,AU,1680474914
531,dalvik,65.9702,-18.5286,2.96,79,100,2.82,IS,1680475195
532,oranjemund,-28.55,16.4333,17.37,78,88,4.44,NA,1680475196
533,mangawan,24.6833,81.55,23.52,41,3,1.79,IN,1680475197
534,tual,-5.6667,132.75,27.46,74,98,2.14,ID,1680475197
535,balikpapan,-1.2675,116.8289,24.55,94,40,3.09,ID,1680475197
536,wanning,18.8003,110.3967,24.45,92,35,4.73,CN,1680475197
537,siocon,7.7061,122.1353,26.01,83,74,1.55,PH,1680475198
538,siverek,37.755,39.3167,7.54,90,53,1.46,TR,1680475198
539,mahibadhoo,3.7833,72.9667,27.6,74,60,4.58,MV,1680475199
540,maroantsetra,-15.4333,49.7333,24.22,92,100,1.25,MG,1680475199
541,thisted,56.9552,8.6949,1.19,73,0,2.89,DK,1680475200
542,san julian,21.0167,-102.1667,28.92,13,100,5.02,MX,1680475200
543,neuquen,-38.9516,-68.0591,19.94,49,0,0.0,AR,1680475057
544,weligama,5.9667,80.4167,24.11,90,13,1.4,LK,1680475201
545,abu samrah,35.3029,37.1841,10.59,86,52,1.3,SY,1680475202
